Scenario,n_vehicles,total_dist_km,fuel_litres,op_cost_bdt,avg_time_min
Traditional,2,267.02694368635787,32.043233242362945,3684.971822871739,457.7604748908992
Optimised,2,149.45772676756823,17.93492721210819,2062.5166293924417,256.2132458872598
